id,ja
1,アリス
2,ボブ
3,キャロル
4,デイビッド
5,エヴァ
6,フランク
7,グレース
8,ヘンリー
9,アイビー
10,ジャック
11,ケイト
12,レオ
13,マヤ
14,ネイト
15,オリビア
16,ポール
17,クイン
18,ローズ
19,サム
20,ティナ
21,ウーノ
22,ビクター
23,ウェンディ
24,ゼン
25,ヤラ
26,アリスMk2
27,ボブMk2
28,キャロルMk2
29,デイビッドMk2
30,エヴァMk2
31,フランクMk2
32,グレースMk2
33,ヘンリーMk2
34,アイビーMk2
35,ジャックMk2
36,ケイトMk2
37,レオMk2
38,マヤMk2
39,ネイトMk2
40,オリビアMk2
41,ポールMk2
42,クインMk2
43,ローズMk2
44,サムMk2
45,ティナMk2
46,ウーノMk2
47,ビクターMk2
48,ウェンディMk2
49,ゼンMk2
50,ヤラMk2
51,アリスMk3
52,ボブMk3
53,キャロルMk3
54,デイビッドMk3
55,エヴァMk3
56,フランクMk3
57,グレースMk3
58,ヘンリーMk3
59,アイビーMk3
60,ジャックMk3
61,ケイトMk3
62,レオMk3
63,マヤMk3
64,ネイトMk3
65,オリビアMk3
66,ポールMk3
67,クインMk3
68,ローズMk3
69,サムMk3
70,ティナMk3
71,ウーノMk3
72,ビクターMk3
73,ウェンディMk3
74,ゼンMk3
75,ヤラMk3
76,アリスMk4
77,ボブMk4
78,キャロルMk4
79,デイビッドMk4
80,エヴァMk4
81,フランクMk4
82,グレースMk4
83,ヘンリーMk4
84,アイビーMk4
85,ジャックMk4
86,ケイトMk4
87,レオMk4
88,マヤMk4
89,ネイトMk4
90,オリビアMk4
91,ポールMk4
92,クインMk4
93,ローズMk4
94,サムMk4
95,ティナMk4
96,ウーノMk4
97,ビクターMk4
98,ウェンディMk4
99,ゼンMk4
100,ヤラMk4
