id,comment,export_begin_date,export_end_date
1,両日時なし（常に対象） 01,,
2,両日時なし（常に対象） 02,,
3,両日時なし（常に対象） 03,,
4,両日時なし（常に対象） 04,,
5,両日時なし（常に対象） 05,,
6,両日時なし（常に対象） 06,,
7,両日時なし（常に対象） 07,,
8,両日時なし（常に対象） 08,,
9,両日時なし（常に対象） 09,,
10,両日時なし（常に対象） 10,,
11,削除予定日なし（開始済み） 01,2026-03-19 00:00:00,
12,削除予定日なし（開始済み） 02,2026-03-18 00:00:00,
13,削除予定日なし（開始済み） 03,2026-03-17 00:00:00,
14,削除予定日なし（開始済み） 04,2026-03-16 00:00:00,
15,削除予定日なし（開始済み） 05,2026-03-15 00:00:00,
16,削除予定日なし（開始済み） 06,2026-03-14 00:00:00,
17,削除予定日なし（開始済み） 07,2026-03-13 00:00:00,
18,削除予定日なし（開始済み） 08,2026-03-12 00:00:00,
19,削除予定日なし（開始済み） 09,2026-03-11 00:00:00,
20,削除予定日なし（開始済み） 10,2026-03-10 00:00:00,
21,出力予定日なし（終了前） 01,,2026-03-21 00:00:00
22,出力予定日なし（終了前） 02,,2026-03-22 00:00:00
23,出力予定日なし（終了前） 03,,2026-03-23 00:00:00
24,出力予定日なし（終了前） 04,,2026-03-24 00:00:00
25,出力予定日なし（終了前） 05,,2026-03-25 00:00:00
26,出力予定日なし（終了前） 06,,2026-03-26 00:00:00
27,出力予定日なし（終了前） 07,,2026-03-27 00:00:00
28,出力予定日なし（終了前） 08,,2026-03-28 00:00:00
29,出力予定日なし（終了前） 09,,2026-03-29 00:00:00
30,出力予定日なし（終了前） 10,,2026-03-30 00:00:00
31,期間終了済み 01,2026-03-09 00:00:00,2026-03-19 00:00:00
32,期間終了済み 02,2026-03-08 00:00:00,2026-03-18 00:00:00
33,期間終了済み 03,2026-03-07 00:00:00,2026-03-17 00:00:00
34,期間終了済み 04,2026-03-06 00:00:00,2026-03-16 00:00:00
35,期間終了済み 05,2026-03-05 00:00:00,2026-03-15 00:00:00
36,期間終了済み 06,2026-03-04 00:00:00,2026-03-14 00:00:00
37,期間終了済み 07,2026-03-03 00:00:00,2026-03-13 00:00:00
38,期間終了済み 08,2026-03-02 00:00:00,2026-03-12 00:00:00
39,期間終了済み 09,2026-03-01 00:00:00,2026-03-11 00:00:00
40,期間終了済み 10,2026-02-28 00:00:00,2026-03-10 00:00:00
41,期間開始前 01,2026-03-21 00:00:00,2026-03-31 00:00:00
42,期間開始前 02,2026-03-22 00:00:00,2026-04-01 00:00:00
43,期間開始前 03,2026-03-23 00:00:00,2026-04-02 00:00:00
44,期間開始前 04,2026-03-24 00:00:00,2026-04-03 00:00:00
45,期間開始前 05,2026-03-25 00:00:00,2026-04-04 00:00:00
46,期間開始前 06,2026-03-26 00:00:00,2026-04-05 00:00:00
47,期間開始前 07,2026-03-27 00:00:00,2026-04-06 00:00:00
48,期間開始前 08,2026-03-28 00:00:00,2026-04-07 00:00:00
49,期間開始前 09,2026-03-29 00:00:00,2026-04-08 00:00:00
50,期間開始前 10,2026-03-30 00:00:00,2026-04-09 00:00:00
51,基準日時が期間内 01,2026-03-19 00:00:00,2026-03-21 00:00:00
52,基準日時が期間内 02,2026-03-18 00:00:00,2026-03-22 00:00:00
53,基準日時が期間内 03,2026-03-17 00:00:00,2026-03-23 00:00:00
54,基準日時が期間内 04,2026-03-16 00:00:00,2026-03-24 00:00:00
55,基準日時が期間内 05,2026-03-15 00:00:00,2026-03-25 00:00:00
56,基準日時が期間内 06,2026-03-14 00:00:00,2026-03-26 00:00:00
57,基準日時が期間内 07,2026-03-13 00:00:00,2026-03-27 00:00:00
58,基準日時が期間内 08,2026-03-12 00:00:00,2026-03-28 00:00:00
59,基準日時が期間内 09,2026-03-11 00:00:00,2026-03-29 00:00:00
60,基準日時が期間内 10,2026-03-10 00:00:00,2026-03-30 00:00:00
61,出力予定日が基準日時と一致 01,2026-03-20 00:00:00,2026-03-21 00:00:00
62,出力予定日が基準日時と一致 02,2026-03-20 00:00:00,2026-03-22 00:00:00
63,出力予定日が基準日時と一致 03,2026-03-20 00:00:00,2026-03-23 00:00:00
64,出力予定日が基準日時と一致 04,2026-03-20 00:00:00,2026-03-24 00:00:00
65,出力予定日が基準日時と一致 05,2026-03-20 00:00:00,2026-03-25 00:00:00
66,出力予定日が基準日時と一致 06,2026-03-20 00:00:00,2026-03-26 00:00:00
67,出力予定日が基準日時と一致 07,2026-03-20 00:00:00,2026-03-27 00:00:00
68,出力予定日が基準日時と一致 08,2026-03-20 00:00:00,2026-03-28 00:00:00
69,出力予定日が基準日時と一致 09,2026-03-20 00:00:00,2026-03-29 00:00:00
70,出力予定日が基準日時と一致 10,2026-03-20 00:00:00,2026-03-30 00:00:00
71,削除予定日が基準日時と一致 01,2026-03-19 00:00:00,2026-03-20 00:00:00
72,削除予定日が基準日時と一致 02,2026-03-18 00:00:00,2026-03-20 00:00:00
73,削除予定日が基準日時と一致 03,2026-03-17 00:00:00,2026-03-20 00:00:00
74,削除予定日が基準日時と一致 04,2026-03-16 00:00:00,2026-03-20 00:00:00
75,削除予定日が基準日時と一致 05,2026-03-15 00:00:00,2026-03-20 00:00:00
76,削除予定日が基準日時と一致 06,2026-03-14 00:00:00,2026-03-20 00:00:00
77,削除予定日が基準日時と一致 07,2026-03-13 00:00:00,2026-03-20 00:00:00
78,削除予定日が基準日時と一致 08,2026-03-12 00:00:00,2026-03-20 00:00:00
79,削除予定日が基準日時と一致 09,2026-03-11 00:00:00,2026-03-20 00:00:00
80,削除予定日が基準日時と一致 10,2026-03-10 00:00:00,2026-03-20 00:00:00
81,出力予定日が基準日時の1秒後 01,2026-03-20 00:00:01,2026-03-21 00:00:00
82,出力予定日が基準日時の1秒後 02,2026-03-20 00:00:01,2026-03-22 00:00:00
83,出力予定日が基準日時の1秒後 03,2026-03-20 00:00:01,2026-03-23 00:00:00
84,出力予定日が基準日時の1秒後 04,2026-03-20 00:00:01,2026-03-24 00:00:00
85,出力予定日が基準日時の1秒後 05,2026-03-20 00:00:01,2026-03-25 00:00:00
86,出力予定日が基準日時の1秒後 06,2026-03-20 00:00:01,2026-03-26 00:00:00
87,出力予定日が基準日時の1秒後 07,2026-03-20 00:00:01,2026-03-27 00:00:00
88,出力予定日が基準日時の1秒後 08,2026-03-20 00:00:01,2026-03-28 00:00:00
89,出力予定日が基準日時の1秒後 09,2026-03-20 00:00:01,2026-03-29 00:00:00
90,出力予定日が基準日時の1秒後 10,2026-03-20 00:00:01,2026-03-30 00:00:00
91,削除予定日が基準日時の1秒前 01,2026-03-19 00:00:00,2026-03-19 23:59:59
92,削除予定日が基準日時の1秒前 02,2026-03-18 00:00:00,2026-03-19 23:59:59
93,削除予定日が基準日時の1秒前 03,2026-03-17 00:00:00,2026-03-19 23:59:59
94,削除予定日が基準日時の1秒前 04,2026-03-16 00:00:00,2026-03-19 23:59:59
95,削除予定日が基準日時の1秒前 05,2026-03-15 00:00:00,2026-03-19 23:59:59
96,削除予定日が基準日時の1秒前 06,2026-03-14 00:00:00,2026-03-19 23:59:59
97,削除予定日が基準日時の1秒前 07,2026-03-13 00:00:00,2026-03-19 23:59:59
98,削除予定日が基準日時の1秒前 08,2026-03-12 00:00:00,2026-03-19 23:59:59
99,削除予定日が基準日時の1秒前 09,2026-03-11 00:00:00,2026-03-19 23:59:59
100,削除予定日が基準日時の1秒前 10,2026-03-10 00:00:00,2026-03-19 23:59:59
